group,name,rating,review
review,135446487,3,"一起来举报吧.游戏是好游戏,小妖怪很可爱,策划脑子不行,嘉年华伤透心,而且外挂横行,没办法解决游戏的平衡,而且存在误封严重,一起来捉妖,玩成了一起来举报,惭愧不.估计是新游戏,有时候存在一些bug比如说,有蛋的擂台有些玩家看不到蛋还能打,或者切宝宝蓝屏这些"
review,87420110,1,"辣鸡游戏.活这么久玩过最辣鸡的游戏,ch脑残,地域歧视,不公平公正,我为玩过这游戏感到自卑,感到耻辱."
review,李家7,3,"请更新.为什么灵石里面的妖灵不能自己来定呢,不然老是出有的妖灵,一点意思都没有了."
review,风清香1996,5,5星差评了解下.不花钱玩游戏.就不好玩.但是戒不掉.
review,嘤咛，,3,"一点也不人性化.模仿宝可梦完全没模仿像,宝可梦是可以走路捉精灵的,它这不能走,也不能走高速,准备卸载了"
review,我的世界苦力怕（学生党）,5,"反馈.能不能把游客的功能再扩大一点,连集市买东西都买不了."
review,马脓,2,"嘉年华真的是逼退.抓快两万了,比不上两天嘉年华"
review,航母编队3,2,"本来可以给4星的,我特么抓了快1万只才出一只满资质,人家嘉年华一天62只满资质,玩什么,凉了.凉了,这游戏"
review,音质没开始好了,4,"大致都很满意.就是妖灵背包太少了,养成空间也太少了"
review,小二很酷,5,"赞一下.我非常喜欢这个游戏,希望多点高资"
review,chris_chi,5,惊喜多多.看脸游戏一向玩不好但是捉妖使我快乐呀.😁😁😁
review,一路向阳625,5,"更新后下载不了也更新不了咋么回事.更新后我的苹果手机就更新不了了,删掉游戏后还是下载不了,怎么回事.有一样问题的么"
review,Rikki211,2,"江湖不见.没啥好说,准备退坑了.玩了三四个月了,41级连上活动给的,满资就三个.辛辛苦苦走了十几公里,灵石摇出来的全部都还不如我随手在街边抓的.接连几次拒宅日毫无新意.活动出现的妖毫无吸引力不说,大热的天去参加活动了,一只能发牌子的高资的都没有.分数低的当粮都觉得可怜,路边偶遇抓到的资质普遍都比活动的高,我还干嘛来参加你这个活动.这次嘉年华又是新妖又是高资的.但和广州以外地区的各位完全没啥关系.外地朋友就是想去,但一个周末为了个游戏跑那么远真不至于,咱还有工作生活呢.也不提飞机党开挂作弊多啥的了.这游戏我就当他是个单机,别人咋样都无所谓了.诸多不满累积,这游戏玩的既不平衡也不开心.散了算了,江湖不再见."
review,sjsjaka,1,"老玩家有感.被线下活动恶心到了,半年不及别人半天收获"
review,摁-,3,"进不去游戏.游戏中提示热刷打不了boss,我卸载重装一直卡在解压中（好多次了）,存储空间还有26g左右,,无语,,"
review,倾奈何做贼,3,"封号无底线.举报人多就封,好好一个游戏被ch玩死了"
review,一飞冲天2507,2,"游戏奖励不公平.游戏确实还是不错的,策划也很用心,但是,这个游戏对氪金玩家一点都不友好,充了钱比不充钱的没有多一点好处,反而出高资比不充钱玩家还少,周末活动也是,充了钱照样不出毕业妖灵,辛辛苦苦调班下午活动,两个小时都是垃圾妖灵,垃圾奖励,没有玩下去的动力,删游戏了."
review,我祝你游安康,2,"策划真是脑残.中午12点打擂台,11点半策划上班开始更新到下午,1个G的更新包没WiFi不能下载,晚上下班回家已经超时不能做日常,我玩你马了"
review,ZYTVD,3,"打开app的音乐声音太大了.每次点开游戏,背景音声音太大,安静的环境中吓一跳."
review,冰封的世界OL,5,"嘉年华活动真好.玩了四个月天天18买门票,人家一次120嘉年华活动一次搞定真好.这是好游戏"
review,48226255,1,"垃圾游戏.垃圾到不能再垃圾的游戏,除了会圈钱其他什么也不会,遇到问题,反馈给他,踏马得鸟都不鸟你.外挂满天飞也不管,还踏马默认开挂"
review,岛屿求生存,4,游戏就一般般而已..不能自己走害得我不能抓胡巴.所以不怎么好玩.
review,姽婳之久,3,"太累太辛苦.本来挺好一运动游戏,整得太累了,还成天打擂守擂,成天得抓,太累了,玩不动."
review,安徽一区紫蓬山剑过无痕到此一游,5,"5星为了让大家看到.这游戏是两天前下的,玩了3天今天下午上号提示被封10年😂,我不申诉了反正就玩了3天.我就是纳闷我是为啥被封的.我说到这里,肯定有人心里默念“挂逼还冤,再怎么解释你也肯给你开挂了.”但是你们细想苹果手机开挂多麻烦,我才玩3天都没懂游戏,我开挂干啥.谁会把一个无所谓有无得游戏账号,把手机越狱去开挂...你们品细品.我下载的时候就看到很多人说乱封号,我就想反正我不开挂,我不怕谁知我33岁的人了,有生终于尝了被游戏封号的滋味,还不是因为我开挂.言尽于此,大家保重."
review,大的反,2,"垃圾游戏,圈钱无底线.一个嘉年华毁了一个游戏,辛辛苦苦几个月不如人家1小时,垃圾游戏,第一次看到如此犯众怒的活动,圈钱无底线,垃圾.还老子打神灵买票钱."
review,李家7,3,"请更新.为什么灵石里面的妖灵不能自己来定呢,不然老是出有的妖灵,一点意思都没有了."
review,为毛要名字,5,"垃圾策划.捉妖四个月,不如广州一天游五星好评只为让你们看到"
review,difndkakfk,1,"垃圾游戏.封玩家的惩罚机制等于劝退玩家,降低游戏对玩家的吸引力,玩家退游主要是策划没有根据玩家需求改正错误失败的设计,同时没有设计出吸引玩家乐趣的游戏设计,说白了策划和美术很多时候都是闭门造车,即使客户玩家群体提出意见也装作听不见,封玩家机制等于和玩家成为对立面,同时不能解决冷门城市玩家无人组队打神灵,冷门城市玩家如同鬼蜮,不飞去热门城市怎么玩?结果策划不但不想办法解决问题就单一的锁头劝退玩家,真是服了,使用飞机的惩罚完全可以只锁一下不让打擂台.其他的不让打神灵,不让打各种怪和任务是什么鬼设计.只能不断的劝退玩"
review,太委屈通知,1,"策划司马.垃圾策划脑子有病,你妈只教你道歉连做人都没教你,一出啥事就道歉,好好一游戏被你整成这样,你没妈妈吗,九年义务教育没上完.啥垃圾东西都出就不出好东西,多好一游戏就可惜有个辣鸡策划,天天就知道跟玩家对着干,江如愿好好的削,颜如玉好好的削,游戏才几个月就出来了嘉年华,你nb是吗,祝你成为凉的最快的游戏."
review,由于v不到北方v恶臭fevfwfdd,4,"还好.我刚开始我挺好,好几天不玩了然后我就一直卡在开始见面了加载也很慢我以为是遇到了bug就删除了再下回来也一样.希望官方能够改进但总体很好👍"
review,静熙1111,3,"一直不出满资.系统时常出故障,玩好久都没有满资"
review,LOYEYUM,2,"分享图片到微信返回游戏需要重新登陆.如题,每次登陆完分享图片或是妖灵等任何东西返回游戏都有重新登陆,之前不会这样的,这是个最大的bug,望尽快修复"
review,月🈷️月月月月,3,"非法游戏行为被禁止使用.非法游戏行为（解禁时间为20290909）莫名其妙,不知道为什么被认定非法行为,怎么也登陆不了了."
review,矣乙,5,全世界唯一一个让开挂的都玩不下去的游戏.嘉年华牛逼
review,飞机场先进,3,"服了.能不能把开始画面的声音设置底一点,几款腾讯游戏怎么就你这么突出."
review,龙上恋0801,2,"未知应用如何处理..我是在这里下载的游戏,不是第三方下的,为什么邀请好友上线,提示未知应用的应用请求.给个解决方案"
review,macymacy999,4,"加载太慢.我开始加载的时候非常慢后面还进不去,请改正"
review,vlP我恨你,4,"可以关掉健康系统吗..我是个三年级的学生,之前也下过,昨天又下了一次,你新版本出个健康系统让我很无语,我39级了,我玩游客玩到39级了,你搞个健康系统让我又删了.希望程序员可以改进一下"
review,UMaRu小埋,3,"游戏好,缺点也不少.作为一个未成年人,一开始就被游戏的各种有趣的妖灵吸引住了,并花了很多时间来玩这个游戏.虽然一开始九点钟就下线,但也找到了破解的方法.可自从更新之后,九点以后完全玩不了.两小时限制也就算了,九点这个限制是真的让人受不了,何况16岁以下玩这个游戏的儿童,谁又会九点就上床睡觉.有时候为了开灵石辛辛苦苦出去散步,回到家却发现已经过了九点了,又白走了一天,走的距离也因为不能登陆而不能录入,恳请更改这个灵石机制.或者强制下线时间推迟一下吧,不然只有弃坑了"
review,元气小猥,3,简直是史上bug最多的游戏.然鹅这么敷衍的骗氪游戏我还在玩
review,真·三十二,5,"资源不够用.游戏是个好游戏,但是飞机是在太多了,没有飞机玩起来太难了,作为一个手动挡玩家,现在天气这么冷,外出敲鼓抓妖实在太难了,能不能平衡一点,不然像我们这样的手动玩家,就靠着神行,想要攒资源实在太难了"
review,圈圈jsjfjxhhw,1,"哪些沙雕给的五分,刷的吧.千万别忘的沙茶游戏,我前前后后花了几万块没人家一百块广州抓的云纹高姿多.智障策划实在是无法言语,之前配猫内部人员泄露配方赚钱,后面嘉年华现场盖章人员远程盖章赚钱,这游戏管理真的是一团混乱,再见了您呐,几万块喂狗了就当"
review,kaixuyin,1,"垃圾游戏.跟玩单机一样没事还开始商业活动,一天到晚的就想着挣钱,所有的活动都在广东,不断的劝着大家退游"
review,丹哥们,4,"满资是什么.玩了39级一个满资没抓到,每天看别人发各种满资,羡慕嫉妒,人家二三十级都能抓到满资,我想知道这个是怎么分配的呢,没有百分比什么的么,比如几级开始有几率或者抓到多少只后有个几率,我这几率等于0啊,二人转里朱买臣媳妇说他,连下三天当官的雨,一滴也淋不到他头上,我都玩多久了一个抓不到,怎么也得有个概率吧,或者就是说不充钱的就难抓到,那我就认了,玩这个游戏我其他玩好几年的游戏都放那好几个月不玩了,有点伤我的小心脏了都😢"
review,余生伱好,4,"捉妖求满资.敢不敢来一个满资,四十级了一个都没有."
review,大D坐红van,1,"每天闲来无事就1星.对这个游戏深感失望,每天闲来无事就给1星差评."
review,魑魅魍魉即正义,1,这游戏真好玩.游戏好玩但是游戏不友好差评.
review,Yww491001,5,"蛮好玩的.体验不错,玩了3天了,就是御灵团战找不到人"
review,这个迈着 萨克塞纳先是,4,"国外为什么不可以玩.在国外现在可以玩么,我以前在国内的时候玩的不错,出国后就地区限制啦,地区未开发,不知道现在可以玩"
review,小九分Ly,4,小地方玩的人少鼓也少有的妖也没有.鼓少妖少
review,还不到名字,2,"外挂横飞.先是外挂到处但是,搞得游戏无法经营,很多人退游,然后搞个垃圾嘉年华导致大部分人退游,然后所谓的严打外挂,偶尔封一两个都是3天的做做样子,不敢封太多怕别人退游,现在日以继夜的出新的,降低奖励,给蚊子腿人家吃,坑人充钱,对外挂更是置之不理,举报都不受理,老玩家100个走剩那么几个,还有好多小朋友傻傻的下载去玩,浪费时间,让人坑钱."
review,海鲜火锅,1,"一起来广州.你还在每天打神灵么.你还在每天找星移一次限定的伙伴.你还担心没超资妖么.不用怕,只要来广州,不用一个月,不用一个星期,也不用一天,只要2小时全部毕业.广州欢迎您.论广州嘉联华抓妖两万八,满资只抓仨广州嘉联华,遍地三十加灵力无限给,满资一球抓只要两小时,全部毕业拉抓妖无上限,云纹随便刷半天百来万,顶我半月抓充钱全喂狗,策划sima兄嘚想开啥呢想开点说不定你哪天辛辛苦苦赚的砖石买到的高资***是人家广州运来的呢有"
review,不要玩一起来捉妖,4,"乱封号..游戏说我近三天内存在作弊行为,封我7天号.本人三天内绝对没有使用过任何作弊行为,本人腾讯客服投诉要求告知给我使用作弊的证据,客服回答我具体检测判罚数据及后台数据无法直接提供给玩家还请玩家回顾近期游戏行为.我觉得这样的游戏让玩家心寒,只要你有钱也可以花钱请人举报肯定会封号,虽然一个小号,我同事去了一趟北京出差被封了10年,他也没使用过任何外挂和作弊行为.我觉得客服不作为."
review,七星战川,4,"游戏卡顿怎么回事.捉妖的时候特别卡,重新进就好了."
review,灵岳,3,"弃坑了.开始玩着还行,后面越来越枯燥,每天就是扔球扔球扔球.."
review,lllandzyy,4,游戏不错但是玩的我好累该给的不给.4/11号跳出来一起来捉妖这个游戏很好奇然后就下载了玩了游戏很新颖很有趣很好玩玩到现在就觉得游戏一点不友好基本上天天玩了吧充钱也不少了灵石开到现在也900多了雨收云也不给别人200多个灵石就出两个雨收云现在都出风振叶了现在让我有点不想玩了游戏平衡.
review,bonnie8988,3,还可以就是加载慢进不去.这游戏还可以就是加载太慢了总是进不去希望官方能把这个改掉
review,5区原始咆哮—天涯之旅,5,"什么时候能整治一下擂台挂..擂台赛从一开始的遮遮掩掩到现在的光明正大地出来,一路铺到腾讯总部门口,想知道你们为什么不作为."
review,jhbfjfgn,5,"策划大大真的离谱.真的这游戏开始来说真的很棒,但是后来的一起去广州🐶策划就真的不把人当人"
review,waltzreo,5,"户外版阴阳师.尤其是兽型妖越来越少的是,更加觉得这是阴阳师,更喜欢符合生物学结构的兽型妖"
review,巷里糖人,4,"无题只有建议.第一的评论是什么乱七八糟的.看了叫人觉得不舒服.于是有了这条.游戏我觉得挺好玩的,我把它当成精灵宝可梦,去收集妖精,解锁图鉴,像是一个收集类的爱好一样,所以之前很多人退坑了说无聊我也没觉得.毕竟是休闲类的游戏就是给大家打发个午觉时间而已.也许是我对游戏看的比较淡.所以连着玩了两个号,大小号历时5个月加一起才3个满资质,有一个还是系统活动给的,是的,大小号都41级了,3个满资质.概率安排的我也是明明白白.还有游戏里面的衣服,属实有点贵,所以只买了一套,毕竟那概率也没有让我充钱的心情,上次改版很多人吐槽过了,然并卵所以不说了吧.这游戏如果不凉,我还是会一直收集妖精的,资质高的更好,不高也习惯了……"
review,646648183凶你,1,最蠢的游戏.这游戏是我要过最蠢的游戏.小作坊出品
review,mtlmgan,1,"垃圾游戏,建议下架关服.优化贼烂,bug贼多,动不动封你号,我将近45天没玩,上去游戏自己几个台子被人打了,我神行过去打完就掉游戏,再登陆就显示封号3天.客服啥的也不解决问题,一等回复就是几天,我玩你吗臭嗨,我卢本伟没有开挂,我要开挂当场暴毙"
review,啦攋,1,"垃圾.页面什么七夕活动选另一半要发到社交平台但是一直没有跳到第三方,页面一直卡在哪,不管换无线网或者流量进去都是哪吊样,刚开始玩感觉还有兴趣,现在立即删掉,跟个单机游戏一样."
review,赵慧婷,4,"在国外不能玩.我们在国外的中国人不能玩.所以我建议把国家给打开这样子,这样我们都能玩了其实我也挺喜欢这游戏的也看上他了就是不能玩."
review,匿名158469,2,"花里胡哨.我还是喜欢宝可梦go,界面清晰大方,游戏规则一目了然,背景乐给人一种很激进的感觉,再加上本来就是一个有着十多年的动漫作品,我反正是从小就开始看的一部动画片,里面的情感肯定也掺杂了一些怀念的回忆,所以这游戏让我达到了很痴迷的地步,这游戏真的不是一个游戏了已经,把我的心都给抓走了."
review,小强阿啊,3,不安全.没什么吸引人的呢还耗时间走在街上还要经常看手机.安全.
review,skymid,4,"妖灵.妖灵放归的时候,只能一个个的搜出来,不然不都知道每种妖灵有几个.按战斗力和名称组合排序不行吗.非要按战斗力排序.找起来特别麻烦."
review,fslsp,4,从来没抓过一只全满.我从出这个游戏开始玩到现在中间有退游一段时间我玩那么久从来没抓过一只全满我就两只全满一只灵石出的一只活动领的从来没抓过全满我朋友比我晚玩抓了4只全满了我
review,天天捉妖,2,"更新一天就玩不到游戏.昨天更新好游戏还能玩,现在说客户端过低,气死人"
review,Somnus777,3,"为什么总是更新,没完没了的更新.为什么总是更新,没完没了的更新"
review,天津坏蛋,5,希望官方越做越好严厉打击飞机.希望官方越做越好严厉打击飞机
review,aa9840,2,"画风突变.冲着萌版造型玩这游戏的,结果后面出的妖灵都变成二次元画风了,实在是恶心不想玩下去了"
review,荧光姜丝,4,"声音问题.IOS打开游戏的时候总是一声巨响(声音突然特别大,进去后才会变成原来的音量),特别是带了耳机简直想死,我发现很多人都有这个问题,希望可以修复一下🙃🙃🙃,但游戏还是可以滴挺好玩的"
review,纳兰花颜,3,为什么一直闪退.本来玩了很久的游戏有一段时间就进去又退出来一直闪退
review,好咯去家族,1,"此游戏,是第一个让我心凉的游戏.从4月14到现在月,足足4个多月的时候,每天300+的捉妖数,敲鼓数,每天的神灵,弄的满满的,花费了大量的金钱精力时间,以为这个游戏会越做越好,结果呢,一次嘉年华活动,多少骂声.一个句芒我们花6块钱的门票打,活动100+.云纹过百万.辛辛苦苦的玩了这么久还没一次嘉年华来的快,两个小时130块,比过了我们4个月,远超过数倍130的金钱换来的结果,说真的玩游戏那么多,充钱那么多这是我见过最垃圾的活动,最智障的策划,为了圈钱什么都敢干,一次嘉年华劝退无数玩家,微博骂声一片,没有什么解释,还来一个辟谣解释,避重就轻有意思吗.别人的钱就是钱,我们的钱就不是了.130缺吗.都不缺那点钱,杀鸡取卵有意思.你是指望这些花了130的玩家养这个游戏还是指望大众玩家呢.这个事情还没完,就想下一个嘉年华,一点补偿没有,还有脸出礼包.呵呵了,都说腾讯游戏都是花钱才能玩,这个无所谓,但是呢,捉妖呢.花钱了还这么冤枉,4个月的钱光门票打神灵都超过千了,呵呵了,这个游戏还是改名吧,就叫一起嘉年华吧,介绍可以写一次线下嘉年华,门票130你将拥有所有,超过百万的云纹,无数的满资,高资,总结一下,我对这个游戏从热情似火到现在的满心失望,说真的后悔玩这个游戏了,几千块它买排骨不香吗.最后一句,住一起嘉年华早日凉凉吧"
review,短脖子长颈鹿c,4,"一个从开服的老玩家讲俩句嗷.希望游戏真的是从好玩出发让玩家充钱,像什么月卡啊笔记啊我都有充值,这个游戏要多为新玩家考虑,不要一味为了赚钱不在乎游戏本身存在的问题游戏最大的弊端就是对新玩家不友善,像之前的五星神灵时间boss新玩家只能靠着老玩家星移才能开图鉴,能用不能用的都不说.我有个想法其实可以做一些擂台投票选神灵比如大家选了巨芒在一小时以后或者规定时间出巨芒平时正常出这个时期的五星神灵这样之前五星神灵返场也对新玩家是很好的.还有我想说哈,这个青女未免时间太久了啊.之前五星神灵都存在一个月左右,每天买票一天打四次都不够升级一只的符印还要无相符印来凑才够,这次倒好青女每天一张免费票符印都快够养第二只了,差不多换换神灵了.光指着老玩家赚钱能有多少老玩家也在不断退游,没有新玩家的加入早晚凉凉."
review,小老弟你跟我两搁这扯犊子呢？,3,"想要情怀不只是模式.游戏是模仿宝可梦go的,说实话刚开始把它当宝可梦go玩,但是没有情怀支撑很快和大部分人一样觉得乏味,再加上模式的限制,很快就都修仙了"
review,超爱琦琦出满资,5,"希望一起来捉妖越来越好.这个游戏挺好的,玩了几个月了,虽然后面还是挺费神的,但是游戏的每一次满资高资截图都让我特别特别惊喜,虽然我好像好久没抓满资了,但是最近抓的也有一些近满截图,前段时间脾气比较暴躁,一个截图都没有特别生气,然后出言不逊骂人了都,没办法那时候只能运气差,再差的运气只要突然会给你一个截图都特别惊喜,我觉得这是一个充满惊喜的游戏.希望策划大大给满资..."
review,扬飞驰,1,"既然你们放弃了这游戏,也没什么好说的.抓妖两万八,满资只抓仨广州嘉年华,遍地三十加灵力无限给,满资一球抓只要两小时,全部毕业拉抓妖无上限,云纹随便刷半天百来万,顶我五月抓"
review,月🈷️月月月月,3,"非法游戏行为被禁止使用.非法游戏行为（解禁时间为20290909）莫名其妙,不知道为什么被认定非法行为,怎么也登陆不了了."
review,好0084,2,"密码.垃圾游戏,下载起先不用密码,后来又要密码了,有些还要付钱不要下载."
review,姚晓梦,3,游戏是好游戏.这游戏是好游戏可惜被做烂了外挂满天飞摊位不够灵石大量开2829的宠出来导致抓的2829的完全卖不掉这游戏已经脱坑几个月了被策划玩死的
review,幕了组,1,"垃圾游戏.建议新人下载了有以下几点1,该游戏不充钱都玩不下去,充钱你就可以是大佬.2,游戏中存在各种漏洞,比如暴露玩家隐私等等问题3,这游戏比的不是技术,比的是谁花的钱多,如果你充的钱多你甚至可以举报别人开挂,哪怕对方没开挂.只要你画的钱够多对面一样会被封号.4,游戏每一次更新基本就是在圈钱,每次更新只更新消费系统.并为下一波圈钱做前期准备.5,不信的可以下来玩玩,看是不是我说的这样.6,鉴定完毕Ljyx."
review,ddrbao,4,"改版后,策划的脑子水少点了….支持策划脑子的水越来越少…"
review,想个不重名的id好难 奸诈！秋瞳！,1,"的确希望有个拍卖行,摆摊浪费生命.平民玩家不肝,什么好东西都木嘻嘻"
review,沃德颠纳,2,"看见降分我就放心了.游戏是好游戏,策划够呛,每次更新必拖延,游戏公平性差,旱的旱死涝的涝死"
review,归宿大舅,1,"这是我见过最烂的团队,最烂的策划.这是我见过最烂的团队,最烂的策划"
review,べ花梦白ヾ,5,"我是御灵师-花梦白.捉妖这款游戏其实挺不错的,虽然是游戏,但是可以促进玩家外出走动.只是我不懂的是为什么不管我抓没抓妖灵,抓怪有时候都是一球跑,而且抓这么久没出满的.哎,希望策划,让我欧皇几天吧.很喜欢一起来捉妖,我今年斗30了,我还是喜欢这款游戏."
review,米糖纸,3,"居然自动5星..可以啊,刷分也就算了,还敢自动"
review,游戏岳叔叔,1,"想知道什么是一刀满级吗..一次嘉年华2小时顶平时4个月收益,厉害,佩服,一星都不想给."
review,蓝白11111,1,"垃圾游戏.这游戏是真的凉了,都没啥人玩,集会所摊位就两个,还要以市为单位划分."
review,司雨123,3,"游戏有待改进.这款游戏也玩一段时间了,目前为止感觉不太适合所有玩家,缺少点公平性,首先开发者没有考虑到打工一族没双休这一点,每次有新妖灵活动都设置在上班时间,别忘了腾讯旗下很多会员也有他们的一份"
review,q120333606,5,"身体扛不住.明天都要对准圈圈来个几百回,好刺激的游戏,让人心脏砰砰砰,一次次的碰撞让我欲罢不能,很棒的游戏"
review,edwinye,1,一个被游戏策划毁掉的游戏.开始觉得还蛮好玩的…但是挡不住脑回路不正常的策划.昨天广州嘉年华彻底把我弄炸了.为什么广州就可以高人一等.我们充值的钱比你的门票130少嘛.
review,J.&ad,1,"辣鸡游戏骗钱搞地域歧视,玩家幸幸苦苦充钱肝了4个月不如人家嘉年华一天的收获.游戏开发商联合工作室垄断猫市场.辣鸡游戏骗钱搞地域歧视,玩家幸幸苦苦充钱肝了4个月不如人家嘉年华一天的收获.游戏开发商联合工作室垄断猫市场"
review,jdbehhedbbdxnjhwhh,1,擂台挂横行.这游戏擂台挂横行举报半年了官方毫无作为垃圾游戏
review,立体感很生气,1,"一手好牌打的稀烂.游戏赶紧下线吧,看看你们狗策划都做了什么事情,建议新人别入坑,要么入坑前先去贴吧了解下游戏情况……我玩游戏也有20多年了,捉妖是最垃圾的一款,没有之一"
review,YouKasi,1,"不吐不快.作为一个老玩家,就是亲眼见证着这游戏被策划一步步弄死,真的厉害."
review,衡常性,3,"..原本是一个挺好的游戏却被策划盘坏了,三颗全为了情怀."
review,火星刃,5,"新颖的游戏方式,多给新玩家福利.谢谢,我是新手."
review,饭）哦 v 就此夫妇,5,"可玩性5星,我已弃坑.弃坑一年半了,由于工作调动,到了较偏僻的地方,不能玩了.现在回想起来依然是极好玩的游戏,我应该算当时第一批拿到魔悟空的,开了接近20块没开出金灵对我当时的打击还是挺大的,毕竟不仅仅是花钱,还得算步数,后来买了摇步器才算好一点.偶然看见这个游戏,虽然不如Pokemongo,不过我还是要给它打5颗星.陪伴我度过了相当困难的一个时期."
review,爱德米,4,"还行.全体游戏来说还行,但就是不知道那个什么猫在哪买"
review,玩家东兑,1,"垃圾游戏.去一趟广州参加嘉年华,比我们从开服玩到现在奖励还多,呸,什么垃圾游戏."
review,caocaoqibajiu,2,"用户体验差,游戏奖励机制太寒酸.游戏整体来说有娱乐性,但从最开始到现在,改的越来越寒酸了.上个月又添了个月卡收费制,除了每天给点儿钻石和一个小时抓妖经验翻倍,那一个小时灵犀一掷基本是废的.妖怪越来越难抓,限制还不少.总是象征性问卷一下有啥意义.不是要你给充值玩家多大的奖励,但至少要拿出点儿诚意吧,多少也得对得起你拿的钱吧,这把游戏做的寒酸劲儿"
review,哈喽，开,4,"一起来捉妖.我想给你一个差评,更新：更新的太慢了"
review,summer韩大,5,卡退加闪退.好不容易下完了一进去就退体验太差.一点也不好
review,ayawodetianna,1,"12.20更新后无限闪退..更新软件闪退,重启手机不行,删了重下还是不行.用我老公手机登我号一下就登上去了.我手机QQ登陆也没问题,就是微信不行.每次更新都得让人起急,请问腾讯是在官方劝退玩家吗.仿佛看到了策划在诚恳的对我说,亲,赶紧弃游吧,让这个游戏赶紧倒闭吧."
review,新疆小妞,5,"为什么老提示我跟换了设备,然后就不记步数了..我只有一个号也只有一个手机,也没有用QQ登过账号...太奇怪了好么."
review,神秘人lx,5,讨厌那些评论的.自古以来一款好游戏都有一些喷子狗觉得你厉害别玩人家游戏你nb你自己做游戏要么别玩有的是人玩还有说游戏恶心的我看你们自己也好不到哪里去（限喷子狗）本来就是个出去玩的游戏非要说成单机游戏你们脑子呢.这游戏本来就不是在家里玩的不出去的就别玩这游戏好像有人逼你玩似的最后我个人觉得游戏各方面都不错玩起来流畅不闪退妖灵种类很多我每天都会出去溜达玩一会敲鼓抓小狐狸在家无聊玩一会在外面溜达玩一会.
review,某新用户一条,2,"不让申请祈愿鼓是要留着家里作法呢...别的地方祈愿鼓都近得可以法式湿吻了,隔个几十米远倒是不让我申请,您家是有多大的冤情啊把鼓全蒙自己手上"
review,爱睡觉的BB,4,"分享完了总是重启游戏.好友邀请上线,或者分享弹出微信返回后总是重起游戏"
review,linjiangyu,2,"可玩度太低.1.游戏特别肝.2.策划真的脑抽,无数玩家努力四五个月,氪金,肝,一个嘉年华直接把所有玩家心血毁了.一天直接超越四五个月成果,各种满资和超资哈哈哈哈哈,真讽刺.现实里一百多块比游戏里氪金千万都给力,牛逼.3.游戏很无聊,除了捉妖没啥玩法.捉了好的资质也没地方用,每天就是做个任务,之后完全没别的可以玩了."
review,Mizisummer,2,"bug太多了吧.实在忍不住了,外挂问题我就懒得说了,反正官方因为不作为了,越来越多.但是心愿礼数据不更新的问题多少时间了,一直没有解决,打训练师,本来打了25次了,打完好家伙,直接变成20次了,不增加反而变少了,打擂台一周10次,打完数据根本就不更新,这还玩什么.让我感觉游戏的开发都调走去开发别的游戏了吧,出个新玩法bug一大堆,也没有及时跟进修复,本来蛮好的一个游戏变成这样,策划长点心吧."
review,果果Vsusu,5,超高资质.怎么什么样的都是超高资质的呀.
review,眠于光年ovo,1,"来首诗.抓妖两万八,满资只抓仨广州嘉年华,遍地三十加灵力无限给,满资一球抓只要两小时,全部毕业拉抓妖无上限,云纹随便刷半天白来万,顶我五月抓三十六九郎,已经不算啥只要一回家,句芒仨乘仨"
review,一个深入玩了几天的弟弟,2,"好好地游戏坏在了飞机当.我是开服第一时间开始玩的,前几个月真的很开心,慢慢有了飞机档,开始越玩越累,一天走个几万步,后面又出了嘉年华,跟本就是一起来广州.最后是周末呢个活动,离我家很远,不如又没法抓,我周六周天还上班.直击放弃了.金灵早早就有了,配猫一点没玩,感觉像两个游戏."
review,gagagajack,4,卖服装.希望作者能做一些漂亮但不用充值买的服装.
review,- 魂淡。,5,"至策划的一封信.爸爸,给我来几个满资吧,我来给你5星好评了."
review,icefan2011,5,"充满童趣的快乐.游戏很不错哦.一起在真实世界中化身封妖师,探索这个世界,发现并收集身边的妖精.魂珠封妖,将丰富多样,千奇百怪的妖精收入囊中.邀你体验真实地标占领,特色妖精战斗,附近同城社交.封妖师,带着专属猫来捉妖吧.虚拟现实,触手可得."
review,嚕啦啦嚕啦啦嚕啦嚕啦,1,"一起來廣州吧..息忘川,,,嘉年華,,,説多了都是淚."
review,爱丽丝伊曼,1,"不大行.机制和宝可梦一样就算了,模仿别人可以但自己有点创新吗.玩法非常单一,定期也不能出门抓新妖,非要给铃铛,真是可笑.而且开挂的人特别多,玩家之间都默认开挂,不开挂反而弱势.步行的人一无所有,开挂的人手满资质,还鼓励开小号.环境极差的一个游戏."
review,开服至今的玩家,5,"忍不住了.开服一百多天,从头到尾就得不停的抓抓抓,高姿云纹,每天抓了300+也就才那样,这广州活动一出,一天就是上百万云纹,高姿遍地,这暑假放假的两个月还没人家去广州一天的收获多呢,策划为了这广州联动的钱实力劝退氪金大佬,厉害厉害"
review,cc621621,5,请解决怎么清理聊天记录.区域和私信没有办法删除处女座的看着好难受
review,@dndbd,3,苹果安卓.苹果安卓什么时候出转区啊都两年了还不出这功能.
review,W A N G 3 9 6,3,"偏要我们充值.本来是挺不错的,但是呢,有一点我就要被气死了.就是如果灵力不足的话,只能用那些什么药水那些的,但是需要点卷,获得点卷的办法只有一个,就是充值.哎我不是我说你,你就不能给小学生一个福利吗.........................."
review,w10089712,3,"微信小程序里面的游戏广告太多,没办法.找不到好玩,因为小游戏广告太多了"
review,欣酱8821,3,"一个欺负老玩家的游戏.从有这个游戏一直玩,到现在都没有金灵,有很多跟我一样的朋友.希望出一些互利机智,比如抽多少次必出伪满,或者第几百个灵石必出经典妖灵这种.否则太无底洞了吧."
review,Pirun 雨默,1,"一起来捉妖.特别垃圾,根本抓不到好的妖怪.抓高资质的都是那些人"
review,小的时候可丑了,5,"又更新了.太开心了,又出新妖了,祝大家满满满.遗憾的是2周年没出套装猫,猫,猫,不出让猫玩家怎么玩.策划啊策划,让一群配猫玩家很伤心,可下等来2周年"
review,风四爷、do,2,"跟编剧一样,废了.这游戏刚出的半年,是真的不错,会经常出门抓怪,跟朋友一起喝着奶茶一起聊天,一起抓.很不容易抓到一个32全满的时候,一晚上激动.每天也会在定点的时候去打boss跟擂台,还有就是为了打一点鼓赚一点球,很有乐趣的.可惜,半年时间,一个定位,一群工作室,凉了.好怀念当初玩的感觉,如果有怀旧服,我觉得还是会回来玩的,现在嘛,再见了."
review,Goicekun,3,"声音太大..腾讯的游戏我下了这么多,就你一个进入游戏画面声音贼大.这么久还没改吗.系统内改也没用以及捉妖记的妖灵实在太丑了,不懂为什么要搞这个合作,让人感到浑身不适的那种丑"
review,桃子🍑🍑？,5,呵呵😄.dsvhmgbd方法蛋糕发生服务的是对方xr对方是否成为我的啊的啊的色色色图成下班电话说吧许下三个水果是否是德国是否是无期阿卡S文房四宝阿哥身体啊个无法
review,我还是已经深V发一家子,2,"不好玩.感觉作为一款和宝可梦go同类的游戏,它切实地做到了取其糟粕,去其精华.文案和世界观做得很差.美术风格……实在不是我的菜.配音,音效太幼了,让人联想到央视儿童台.几乎所有妖灵看着都像宝宝一样,强调华夏元素又用力过猛适得其反."
review,lbwnp,4,"擂台还要再改进.雷台限制一下吧占10个就行了山河图一开全是别人的头像自己还是新手雷台根本够不到第一,有点影响新人体验,能不能改一下,这样发育太累了.那个第三都会被人打,素质很差.还有最好弄个天梯赛什么的.希望官方可以看见."
review,蘇river,1,1.一打擂台就卡要么网络不好破游戏（其他游戏都么这问题）
review,大大大SU,3,"為什麼不開通國外登錄呢...之前還可以的,對上兩次更新就不可以了,搞到人在國外,這遊戲像費了一樣,好無趣..唉.之前還可以在國外玩的,現在就限制了,真可惜了"
review,大只佬就系我,2,"问题还是有的.飞机师太多了,各种定位各种挂,平衡性就不行了.其次,误封几率很大,我有个朋友连续被误封直接弃坑了."
review,梨九,4,除了策划太垃圾外..人挺好的....除了策划太垃圾外..人挺好的...
review,巴罗迪,5,"好吧,吸引到我了.画面真的吸引到我了,我就是比较喜欢那种可爱唯美的画风,先不说游戏怎么样,光是这个画质就值得我这个五星."
review,江南小猪猪,5,垃圾.垃圾游戏地域歧视那么严重两次活动都在广州搞还有现在举报也一点用都没有了满天飞还有工作室把钻石价格搞乱摊位也没人抢了策划自己玩去吧太傻了
review,小饭啊,1,"还让人玩吗.灵石玩了2年满资专属都没一个.充了那么多钱跟白嫖玩家没区别.毫无游戏体验感,满资几率超低.2年的游戏了,到现在专属满资豆没一个.垃圾游戏不玩了"
review,潮流松鼠呀,2,"开机动画声音太吵..每次打开游戏,开机动画声音吵死人,能不能优化一下啊."
review,☞☞☞☞←,3,"还可以.这游戏其实还可以,不需要过多的充值,就是boss擂台真的挺难受的."
review,57823671,1,"游戏太卡,玩不了.在其他游戏及软件运行没问题的情况下,一直提示网络有问题,连接不上.好不容易连上了,游戏卡的要命,根本没法玩."
review,捉妖最垃圾,1,"最垃圾的游戏.垃圾游戏,废物策划,智障封号系统,游戏环境极差,游戏体验没有,建议别浪费时间"
review,@jj啊凯,3,"希望官方可以看到.这游戏很好,我也很喜欢,但是这游戏对新手玩家是不是不太友好😨这个行者挑战也太难了吧.还有都这么久了画风还是没啥长进哎资金不够吗.我是老玩家回归,发现这游戏玩的人越来越少了,我希望这游戏可以在试着打打广告我身边的人还有很多不知道这个游戏的,我觉得打打广告,改进画风可以给游戏带来新生机.或者你可以出一个2来次大升级."
review,司雨123,3,"游戏有待改进.这款游戏也玩一段时间了,目前为止感觉不太适合所有玩家,缺少点公平性,首先开发者没有考虑到打工一族没双休这一点,每次有新妖灵活动都设置在上班时间,别忘了腾讯旗下很多会员也有他们的一份"
review,37899348,3,照妖镜到底怎么得啊.我已经玩了好久但照妖境始终不出活动想买也买不着就差一个火灵了
review,虚空包子,5,"给五星是因为出于老玩家对游戏的喜爱.我是一个玩了很久的Q区老玩家,之前删了,现在想下回来,但是发现根本登不进去是怎么回事.一直卡在加载界面进度条都没动.现在我想回归玩都不行."
review,周明打打陈星,5,"这游戏真不错,真是好游戏.我最喜欢玩了,很休闲一款游戏,请下载上和我一起玩吧"
review,出怪速度慢,3,"外挂毁了这个游戏.一开服就玩了,一开始是真的喜欢这个游戏,为了这个游戏散步,去散步的时候也发现外面的美,呼吸新鲜空气,吹这风,很暇意.但外挂从北方飞过来抢我的擂台,在擂台留言嘲讽我,看见视频秒开灵石,人家2个猴子,自己……我嫉妒心犯了,再见了"
review,游戏心情,1,"一起来封号.如题,像疯了一样的封号,如果真用了,封也没有意见,但是好多都没有用辅助,也封.垃圾游戏."
review,退钱弃游了,1,CH你妈买菜必涨价.超级加倍..CH你妈买菜必涨价.超级加倍.
review,疑问请解答6678,2,"不合理.为什么换个手机系统登陆等级要从新来,太不合理了,想弃游了"
review,一起来广州捉妖吧,5,"一起去广州捉妖.什么都不想说,开服玩到现在,只能说真恶心,潇洒退游,不行就让广州人玩吧"
review,各种闪0000,4,希望给我提高点概率.天天200不截图给这是闹哪样来点截图吧逼我退游
review,赶集网友,1,"非常不好玩.先不说外面有没有网,我走了好几千米的路连个玉免都没抓到🔪玩了2年了.30级都不到..你们自己解决吧."
review,一起捉妖是垃圾,2,"垃圾游戏.你们这些傻子不好玩还给5星你妈死了垃圾游戏,147"
review,牛牛救救,5,"我错了.我八千出了八个满,最后一个满,系统提示我来评五星写评论我没来,我道歉.现在一万好几了,中间一个满都没出来.求求你啦.2个多月没出满资了.还让人玩不哦."
review,月霁风光,4,"这是实话.游戏虽然有一定模仿抄袭,但是还算可以,挺好玩,对战有一定技术但是主要靠肝,也就是玩得久就强.有些小细节策划不太走心,活动经常被吐槽,但活动本身并不是很有问题,只是对虚拟定位外挂打击力度不够.总之,游戏有趣,但是需要的时间太多,且有着不少需要改进的地方."
review,浮城烟雨,5,"游戏不错.多来点满资好吗.一起玩的朋友一个星期都没过完都3个满资了,我的满资3个月都没有一个的嘛."
review,he999ming,5,"棒棒哒我玩的第一款手游.棒棒哒的我玩的第一款游戏,感觉再不玩要和年轻人脱节了.始于新鲜,限于运营（不断推出的新玩法,新妖怪）,点赞鼓励户外的初衷.建议多些山海经,封神榜,西游记聊斋志异的妖怪,有更多的代入感.也建议不仅仅局限于鼓励户外,适当来些消耗时间的“沉迷”也是很好的.总之有满资,咋样都行."
review,🤣😘🤤😱🙃,2,"玩法单一.如题.除了抓妖怪还是抓妖怪,一大堆重复的.属性还不好.城市的郊区基本都是垃圾怪.这是个城里人玩的游戏."
review,林逸（继续努力）,2,"外挂太多,严重影响游戏平衡.这个游戏是靠户外捉妖,步行开灵石,敲鼓让自己变得更强.我在刚出这款游戏的时候开始玩,那时候是夏天,每天在外面晒着太阳流着汗在外面找妖,敲鼓,开灵石.我玩了将近五个月,那时候外出拿手机已经开始冻手了.身边有几个大佬,他们都是安卓的,每天都是300妖,500个鼓.每天灵石开到上限,天天步行50公里,后来问了原因都是开挂,那个挂叫什么幻影.人在家里躺着半小时,赶得上我在外走路六小时的了.想到自己肝了半年,从被晒到受冻.心里真的不是滋味,后面人玩的越来越少,并且还有人说这游戏开挂不是很正常吗.现在哪有不开挂玩的.虽然官方嘴上宣传是打击外挂,但是我想说一天,三天真的很少,一点不影响人们解封之后继续开挂.我不是说公平不公平,我氪的金也不少,起码小一千块了,这个游戏太让我伤心了,以后不会再碰这种充钱了还打不过开挂的垃圾游戏."
review,C-1_1,3,"无线登陆老是掉线.为什么更新之后,苹果版本无线登陆老是重练中.用数据没事.是不是bug"
review,鹌鹑鹑鹑鹑鹑,2,"不公布概率,对玩家不友好.高姿获得的概率不公布,对这种看运气的游戏来说是最大的缺点,消磨时间还可以,但消费就算了吧."
review,木可老头,5,"希望游客账号可以转微信账号或QQ账号.因为要是换设备,游客账号就没有了"
review,开心12334455667764323564,2,"我退游的原因.今年6月玩的捉妖,刚开始感觉很有意思,每天都花几个小时在捉妖上.但渐渐的熟悉了之后新意就不大了,但还是一直在玩.中间有一次广州嘉年华导致游戏很不公平的一次,一半人都走了,但我感觉没什么.毕竟参加嘉年华的人花费也不少,难道你没花钱和人家花钱的享受一样就公平了.不过这次青龙出来我就再也不想玩了,本来就是一个休闲的游戏,却被硬生生的改成氪金了.你或许可以说我不要青龙不就行了,呵呵,本来就把这当成一个收藏游戏,有收不到的妖灵不是很难受吗,况且打着游戏就剩收藏的乐趣了.（一个平民玩家）"
review,啥时候上班不,2,"能不能修复带耳机启动游戏声音过大..每一次带耳机启动游戏,这个启动的音乐都要比我耳机其他音量好好几倍,每次都要炸到我耳朵我快要气死了..用户体验做这么差."
review,涟漪益生,3,"过度开发.原本就内存和玩法来说,更像收集养成,但是过多的版面开发和无谓的功能过于增加玩家负担,并且导致内存过大,导致越来越多的玩家退游,希望能好好运营而不是不断无脑出活动,毕竟当时还是蛮不错的,但是逐渐这游戏就变了味"
review,癫炫龙,1,垃圾.封号不合理.游戏平衡应该是由游戏公司服务……不是个人……游戏有漏洞.是人都会去尝试……这不是道德游戏……是网络游戏……还希望你们深思
review,J你别管我是谁,2,"有点虚弱的游戏.如果想圈钱最起码让我门觉得花钱有价值,有些设置都有点诈骗行为了,验证来不及参加一张参展卡就没了,既然都腾讯模式了出个期卡活动,那干脆给我们搞个贵族,最起码能让我们看到自己消费了多少,稍微给点福利好吧,策划这点都不懂,为什么那么多人退,还不是你的福利给点的不到位,我们花钱打水飘了..赶紧给我门肝的人点福利,光圈钱迟早要关服的."
review,剑君十二很,5,"给大家讲个笑话：一起去广州嘉年华..准备下载玩的朋友注意了,千万别充钱,千万别.等嘉年华活动,100来块就能随随便便把氪金几万辛苦几个月打boss抓妖的大佬按在地上摩擦.真的"
review,gdyfijhio,3,游戏是个好游戏但是面向群体太小.对于在家看小孩想玩玩休闲游戏的很不友好最后没办法只能放弃
review,梦天18092/0,4,"小小问题.游戏整体内非常好,只是下载太慢了啦."
review,我想问策划是缺钱吗，要不你直接来拿,1,一个嘉年华.自己去搜搜8月17日嘉年华都发生了什么再来看为什么打0分
review,微笑的苹果已经成为世界,5,"快乐有你有我幸福美好.健康快乐成长,秘诀就是不断行走"
review,近战劣人王天师,1,外挂满天飞官方不作为.外挂满天飞多次举报官方也不管证据明确没有作为玩您🐱
review,momo爱好者,1,"抄袭.呵呵,抄袭,tx就没有什么新意么,建模还那么一言难尽,服了"
review,小烧猫,2,"iphonexr闪退.今天更新后,出现闪退,ios12系统,擂台全被抢了,也太不公平了,这种游戏方真应该反思,没弄好就提前开放"
review,优秀de大虾,5,"大家一起来捉妖吧.休闲游戏好玩哦,朋友组队一起捉妖"
review,Larrm『Я』,4,"总体还可以.从游戏刚开服就开始玩了,凭良心说,和某Go性质一样,感谢引进.从起初的到处蹲团战,到现在的神行团战,至少还是有体谅玩家的.但是现在必须得要扣一🌟为了开游戏页面的音乐实在是声音太大了.耳朵刺疼,多次想玩,一点开就被我关了希望改善."
review,mmhun,5,"玩玩休闲.以前玩了太累走哪捉那,现在休闲玩玩.以前的组队不知道改没没卵用"
review,佩琪的弗雷德,3,更新后有很多bug.昨天更新完我就发现邀请好友上线这个根本邀请不了.一锁屏或者切换后台就会掉线而且游戏杀后台每次登录都需要QQ认证很麻烦莫名其妙掉线垃圾
review,周周小作,3,内存.这个游戏每次更新内存就站很多我都要删除两三个app关键是这都是工作需要呵呵了
review,昕ma的麻麻,4,"好玩.虽然游戏好玩,但是内存太大了下载的很慢"
review,猴哥哥的马马先生,3,"柬埔寨玩不了.人在柬埔寨,然后突然在appstore里面看到这个游戏,心血来潮下载,完了打开,第一次碰到不给我玩的游戏.虽然还没玩这个游戏,但是就感觉很好玩的亚子.请尽快开发好吗.靴靴."
review,静熙1111,3,"一直不出满资.系统时常出故障,玩好久都没有满资"
review,Lisa的左耳朵,4,"买时装总是买到10天的气死了.想吐槽的点是,买时装,价格默认显示10天,点购买一确定就是买了,两次都是手快买了10天的,很生气,再也不买时装了,工作人员太少,反馈都没人回复,是凉了吗"
review,ZNY、,5,"一脸懵.我去年玩的时候发现我一直登不上了,今年登陆还登不上不是一直在转圈就是内存不足"
review,刘琳（韩梦华）,1,"概率太低.抓的都是垃圾,每天好几个小时的投入也不给满资,有的前前后后抓了几十只,上百只了.逼走玩家,心寒,没有动力,垃圾游戏,黑心制作商"
review,赶集网友,1,"非常不好玩.先不说外面有没有网,我走了好几千米的路连个玉免都没抓到🔪玩了2年了.30级都不到..你们自己解决吧."
review,五星好评放书架,2,"系统过于复杂.作为抄袭作,想开发新的内容玩法没问题,但不要做的太过而失去原本的味道."
review,朱氏仙女,3,有点不满..官方能不能解决一下闪退的问题啊🤯🤯
review,随便啥名都好,1,"团队脑子有矢.好好一游戏,越改越撒币.该改的不改,天天作妖,5星神灵就是恶心正常玩家的.活动次次只给广州开,从来不给其他地区补奖励.行吧,广州人都是团队的爸爸,留给广州用户玩去吧."
review,凤舜,3,"托儿,比较好..游戏都是拿钱当垃圾桶用呗.遇到不少垃圾托儿,不如喷了."
review,微路线,5,"老马宇宙第一高富帅.首先给个五星好评,真的不错,很好的一款游戏,妖怪好看又好玩,多给我一些满资就可以充钱体验一下了,策划最近出的高资是不是有问题,都是不能用的宠物,麻烦跟进一下,还有我还发现身边的朋友陆续退游了,而我还在坚持,但已经好几天没出过好东西了,急需满资让我继续坚持下去,加油,麻烦一下了."
review,一个曾经的捉妖迷,3,"一起来广州.你还在每天打神灵么.你还在每天找星移一次限定的伙伴.你还担心没超资妖么.不用怕,只要来广州,不用一个月,不用一个星期,也不用一天,只要2小时全部毕业.广州欢迎您.论广州嘉联华抓妖两万八,满资只抓仨广州嘉联华,遍地三十加灵力无限给,满资一球抓只要两小时,全部毕业拉抓妖无上限,云纹随便刷半天百来万,顶我半月抓充钱全喂狗,策划***兄嘚想开啥呢想开点说不定你哪天辛辛苦苦赚的砖石买到的高资还特么是人家广州运来的呢有"
