name,global_seq,batch_id
契丹肖,1,0
edwinye,2,0
神谁,3,0
ueubebd,4,0
无敌金刚钻2,5,0
黑暗灬魔鬼,6,0
啥时候上班不,7,0
超萌面包,8,0
difndkakfk,9,0
限量版zacks,10,0
静熙1111,11,0
为毛要名字,12,0
小的时候可丑了,13,0
5区原始咆哮—天涯之旅,14,0
好哥哥45,15,0
icefan2011,16,0
一飞冲天2507,17,0
87420110,18,0
gfluoq,19,0
kaixuyin,20,0
新疆小妞,21,0
魑魅魍魉即正义,22,0
ketchyjoe,23,0
Prosperè,24,0
hhhhhhvpnhhhhhh,25,0
vejshjdsuc,26,0
不轻易流泪的坚果,27,0
玩家东兑,28,0
sjsjaka,29,0
就一破网页游戏,30,0
UMaRu小埋,31,0
游戏岳叔叔,32,0
ff8080,33,0
开服至今的玩家,34,0
嚕啦啦嚕啦啦嚕啦嚕啦,35,0
诺诺洛啦,36,0
太委屈通知,37,0
J你别管我是谁,38,0
DragonsDJL,39,0
又是飞得高1110,40,0
陌陌从此一个人,41,0
和sa,42,0
风我人,43,0
胡爱雅,44,0
桃子🍑🍑？,45,0
48226255,46,0
呵呵呵呵虚假评论,47,0
垃圾游戏不要玩千万不要,48,0
Fubvxfj,49,0
圈圈jsjfjxhhw,50,0
长歌大兔子的美瞳铺,51,1
江南小猪猪,52,1
Yww491001,53,1
墨烟大大,54,1
。，。。。，。？，。,55,1
蘑菇傻妞,56,1
一路向阳625,57,1
不错的回家,58,1
龚小淳,59,1
剑君十二很,60,1
矣乙,61,1
虚幻Dn,62,1
skwhsn,63,1
无辜的使用者,64,1
请输入关键词艹,65,1
移山大圣狮驼王,66,1
chris_chi,67,1
小虎咯,68,1
太多了？坑爹,69,1
超爱琦琦出满资,70,1
gocinc,71,1
入口即化的高冷,72,1
小鱼吃章鱼,73,1
官浩,74,1
waltzreo,75,1
灯花零落,76,1
大D坐红van,77,1
小二为谁留白,78,1
猪蛋的幸福生活,79,1
RillKong,80,1
海鲜火锅,81,1
阿依代打，平台无作为,82,1
策划他爸爸呀,83,1
べ花梦白ヾ,84,1
风华绝代的懒,85,1
冷清沫,86,1
游戏闹着玩？忽悠消费者,87,1
shkshdbhxbe,88,1
火星刃,89,1
刘婆婆是一种油泼面坡哦,90,1
646648183凶你,91,1
mtlmgan,92,1
啦攋,93,1
眠于光年ovo,94,1
从前邮件慢,95,1
优秀de大虾,96,1
归宿大舅,97,1
代表大会不到好的,98,1
Lisa的左耳朵,99,1
8986686685,100,1
想死来报名,101,2
（@msn.com）,102,2
祎笙,103,2
小强阿啊,104,2
微飞,105,2
你徐也,106,2
至深-,107,2
不吃糖的小狗,108,2
寂寞稻草人、,109,2
开服至今的q区老玩家,110,2
好咯去家族,111,2
安徽一区紫蓬山剑过无痕到此一游,112,2
钮钴禄·咕咕,113,2
牛牛救救,114,2
sagiribro,115,2
ayawodetianna,116,2
扬飞驰,117,2
范风格,118,2
我就不信还不行恩,119,2
lock藏海,120,2
|羋,121,2
Time_Remains,122,2
微路线,123,2
笑若扶风、,124,2
波啊波啊波,125,2
𠄎入,126,2
大的反,127,2
为了空间啊啊啊啊啊啊啊啊,128,2
想个不重名的id好难 奸诈！秋瞳！,129,2
三日吐司,130,2
城市规划乳房你好,131,2
george林,132,2
蓝白11111,133,2
虚空包子,134,2
潮流松鼠呀,135,2
J.&ad,136,2
13637336,137,2
立体感很生气,138,2
smilysummer,139,2
YouKasi,140,2
yeye9527,141,2
合yyan,142,2
快看点,143,2
不错哦👍👍,144,2
Leo阿啊阿啊阿啊阿啊,145,2
小厮(・ω・)ノ,146,2
微笑的苹果已经成为世界,147,2
w10089712,148,2
寂寥一生天涯,149,2
阿里克鲁兹,150,2
徐功夫汉堡,151,3
nmslch941,152,3
ML-4835-6301,153,3
薛定谔的。,154,3
么么么么么么没意思fff,155,3
占网速,156,3
爱丽丝伊曼,157,3
Larrm『Я』,158,3
二二呆呆,159,3
无名神龙,160,3
Pirun 雨默,161,3
由于v不到北方v恶臭fevfwfdd,162,3
大爷大妈们。,163,3
专门欺负老实人,164,3
牧牧*,165,3
板栗12138,166,3
伴世聆听,167,3
djduhebdhjskanbshbf,168,3
沉默的访客,169,3
蘇river,170,3
一区的时候,171,3
阳殿下,172,3
明的各队的女,173,3
q120333606,174,3
五星好评放书架,175,3
我的世界苦力怕（学生党）,176,3
问劫届洁,177,3
嗯嗯放假放假放假的聚集地,178,3
一个普通玩家的痛心心声,179,3
57823671,180,3
☞☞☞☞←,181,3
捉妖最垃圾,182,3
听您婆婆,183,3
LY0RFN,184,3
15234995,185,3
优gg,186,3
- 魂淡。,187,3
冰封的世界OL,188,3
_喧哗,189,3
游戏心情,190,3
退钱弃游了,191,3
jhhgghhugg,192,3
cc621621,193,3
5241293737,194,3
赶集网友,195,3
凤凰花开富贵,196,3
原因笑呵呵,197,3
mmhun,198,3
温暖425如初,199,3
元气小猥,200,3
天津坏蛋,201,4
angrymm,202,4
🐔🐔🐔茶弟,203,4
马马虎虎喔,204,4
cxk nmsl❤️，，，,205,4
一起来广州捉妖吧,206,4
甄似叼,207,4
巷里糖人,208,4
whzbxutsalq,209,4
风清香1996,210,4
@dndbd,211,4
神秘人lx,212,4
忒纠结,213,4
91客户经理,214,4
妖精的蔷薇,215,4
一个一年前的老玩家,216,4
癫炫龙,217,4
垃圾垃圾垃圾游戏 弃游,218,4
月🈷️月月月月,219,4
热电磁,220,4
小二很酷,221,4
我领！n,222,4
YyRachen,223,4
我不是大帅哥,224,4
我想问策划是缺钱吗，要不你直接来拿,225,4
狮子佬,226,4
浮城烟雨,227,4
momo爱好者,228,4
蓝调小G,229,4
高。微,230,4
司马策划赶紧滚,231,4
some叶子,232,4
第九十九阿贾克斯看,233,4
牤然,234,4
吾言吾乃吾,235,4
我用菊花,236,4
嘤咛，,237,4
晨爱一生,238,4
summer韩大,239,4
skymid,240,4
越海哦,241,4
周明打打陈星,242,4
刘琳（韩梦华）,243,4
星落云离,244,4
雨收云收雨,245,4
我不是广州天龙人,246,4
随便啥名都好,247,4
隔壁有个老大爷,248,4
天使de守護,249,4
Asterisk jack,250,4
